-- phpMyAdmin SQL Dump
-- version 3.1.5
-- http://www.phpmyadmin.net
--
-- Serveur: mickael.mallet.sql.free.fr
-- Généré le : Sam 05 Novembre 2016 à 00:53
-- Version du serveur: 5.0.83
-- Version de PHP: 5.3.9

SET SQL_MODE="NO_AUTO_VALUE_ON_ZERO";


/*!40101 SET @OLD_CHARACTER_SET_CLIENT=@@CHARACTER_SET_CLIENT */;
/*!40101 SET @OLD_CHARACTER_SET_RESULTS=@@CHARACTER_SET_RESULTS */;
/*!40101 SET @OLD_COLLATION_CONNECTION=@@COLLATION_CONNECTION */;
/*!40101 SET NAMES utf8 */;

--
-- Base de données: `mickael_mallet`
--

-- --------------------------------------------------------

--
-- Structure de la table `actualite`
--

CREATE TABLE IF NOT EXISTS `actualite` (
  `Date` date NOT NULL default '0000-00-00',
  `Evenement` longtext collate latin1_general_ci NOT NULL
) ENGINE=MyISAM DEFAULT CHARSET=latin1 COLLATE=latin1_general_ci;

--
-- Contenu de la table `actualite`
--

INSERT INTO `actualite` (`Date`, `Evenement`) VALUES
('2005-07-31', 'Ajout des photos de <a href="gallery.php?id=31">Mallorca</a>, de quelques photos sur <a href="gallery.php?id=15">Trinidad</a>, <a href="gallery.php?id=12">Martinique</a> et <a href="gallery.php?id=20">Iles Vierges Britaniques</a>'),
('2001-07-21', '<a href="gallery.php?id=23">Photos d''Hurghada diffus&eacute;es</a>'),
('2001-09-07', '<a href="hurghada.php">R&eacute;cit d''Hurghada termin&eacute;</a>'),
('2001-09-21', '<a href="gallery.php?id=3">Photos du Qu&eacute;bec</a>'),
('2002-07-09', 'Reconstruction du site en PHP'),
('2002-07-16', '<a href="quebec.php">Ajout du r&eacute;cit du voyage au Qu&eacute;bec</a>'),
('2003-03-25', '<a href="gallery.php?id=28">Ajout des photos du s&eacute;jour &agrave; Chamonix</a>'),
('2003-06-10', '<a href="gallery.php?id=29">Photos du Portugal ajout&eacute;es</a>'),
('2004-05-11', '<a href="gallery.php?id=30">Ajout des photos d''Ibiza</a>'),
('2005-07-30', 'Modification graphique du site (couleur, largeur fixee). Correction des pages pour &ecirc;tre en conformance avec CSS 2.1 et XHTML'),
('2005-10-08', 'Ajout d''un <a href="/guestbook.php">livre d''or</a>'),
('2006-01-31', 'Ajout des photos du <a href="gallery.php?id=32">Marathon de New-york 2005</a>'),
('2006-10-14', 'Suppression du module Livre d''or &agrave; cause de messages de spam'),
('2012-12-08', 'Changement de barre de menu; mise &agrave; jour du CV; correction sur la transparence des images PNG');

-- --------------------------------------------------------

--
-- Structure de la table `course`
--

CREATE TABLE IF NOT EXISTS `course` (
  `Date` date default NULL,
  `Nom` char(40) collate latin1_general_ci default NULL,
  `Temps` char(10) collate latin1_general_ci default NULL,
  `ClassGen` char(15) collate latin1_general_ci default NULL,
  `ClassCat` char(15) collate latin1_general_ci default NULL,
  `URL` char(100) collate latin1_general_ci default NULL
) ENGINE=MyISAM DEFAULT CHARSET=latin1 COLLATE=latin1_general_ci;

--
-- Contenu de la table `course`
--

INSERT INTO `course` (`Date`, `Nom`, `Temps`, `ClassGen`, `ClassCat`, `URL`) VALUES
('1996-11-05', 'Semi-marathon de Fort de France', '1h45', NULL, NULL, NULL),
('1997-11-28', 'Semi-marathon de Fort de France', '1h45', NULL, NULL, NULL),
('1998-05-05', 'Semi-marathon de Cancale', '1h42', NULL, NULL, NULL),
('1998-10-10', 'Marathon d''Argentan', '', NULL, NULL, NULL),
('1999-04-14', 'Grand Raid de la Martinique', '18h20', '114/160', NULL, NULL),
('1999-04-29', 'Trail de Guerl&eacute;dan', '6h00', '61/101', NULL, NULL),
('1999-09-26', '19&egrave;me Semi-marathon de Toulouse', '1h45', '549/858', '293/402', NULL),
('1999-09-04', 'XV&egrave;me Marathon du M&eacute;doc', '4H26m38', '2039/6918', '699/1942', '#Medoc'),
('2000-03-05', 'Semi-marathon de Blagnac', '1h50m42', '489/657', NULL, 'http://www.activeeurope.com/Events/index.cfm?AC=EventDetails&amp;E=32723'),
('2000-03-12', 'Course pour la lutte contre le cancer', '59m22', NULL, '161/169', NULL),
('2000-09-16', 'XVI&egrave;me Marathon du M&eacute;doc', '5h08m22', '4240/7361', '1192/1964', NULL),
('2001-04-22', 'Trail des Citadelles (36 km)', '7h31m16', NULL, NULL, '#Citadelles'),
('2002-06-16', 'V&egrave;me marathon du Mt St Michel', '3h58h57', '2646/4828', '932/1457', 'http://www.mt-st-michel-marathon.com/'),
('2001-09-08', '17&egrave;me marathon du M&eacute;doc', '6h01m42', '6073/7097', '1681/1922', NULL),
('2001-10-21', '21&egrave;me Semi-marathon de Toulouse', '1h42', NULL, NULL, NULL),
('2004-04-04', '28&egrave;me Marathon de Paris', '3:47:22', '12798', '5906', 'http://www.parismarathon.com/'),
('2003-09-06', '19&egrave;me Marathon du M&eacute;doc', '04:31:31', '2040', '611', 'http://www.marathondumedoc.com/'),
('2003-04-06', 'London Marathon 2003', '03:55:31', '9049', '7898', 'http://www.london-marathon.co.uk'),
('2004-09-04', '20&egrave;me Marathon du M&eacute;doc', '06:32:28', '7495 / 7908', '1506 sur 1578', 'http://www.marathondumedoc.com/'),
('2005-09-10', '21&egrave;me Marathon du M&eacute;doc', '05:39:03', '4037 sur 6349', '773 des SEH', '#MarathonMedoc2005'),
('2005-11-06', 'Marathon de New-York 2005', '04:18:22', '13797 sur 36000', '4043', 'http://www.ingnycmarathon.org'),
('2010-03-07', 'Semi-Marathon - Blagnac', '1h49m21', '630', NULL, NULL),
('2010-05-23', 'Les gendarmes et les Voleurs (32km) - Am', '3h39h15', '1019', NULL, NULL),
('2010-09-11', 'Marathon du M&eacute;doc', '5h54m58', '3848', NULL, NULL),
('2009-10-18', '10km de Toulouse', '56m50', '279', NULL, NULL),
('2007-03-11', 'Semi-Marathon - Blagnac', '1h45h26', '589', NULL, NULL),
('2007-05-27', 'Marathon de la Ville aux Clercs', '3h49h27', '55', NULL, NULL),
('2007-10-28', 'Marseille-Cassis', '2h08m25', '8704', NULL, NULL),
('2002-09-07', 'Marathon du M&eacute;doc', '05h01m07', '2892', NULL, NULL);

-- --------------------------------------------------------

--
-- Structure de la table `fichier`
--

CREATE TABLE IF NOT EXISTS `fichier` (
  `ID` tinyint(4) NOT NULL default '0',
  `Nom` varchar(20) collate latin1_general_ci NOT NULL default '',
  `Comment` varchar(44) collate latin1_general_ci NOT NULL default '',
  `cache` tinyint(2) NOT NULL default '0',
  `ImageID` int(4) NOT NULL default '0',
  PRIMARY KEY  (`ID`),
  KEY `ID` (`ID`)
) ENGINE=MyISAM DEFAULT CHARSET=latin1 COLLATE=latin1_general_ci;

--
-- Contenu de la table `fichier`
--

INSERT INTO `fichier` (`ID`, `Nom`, `Comment`, `cache`, `ImageID`) VALUES
(0, 'gallery', 'Voyages, voyages...', 0, 0),
(1, 'gal_pablo', 'Pablo', 1, 10),
(2, 'gal_mihinic', 'Week-end au Mihinic/Rance', 1, 1),
(3, 'quebec', 'Canada: Qu&eacute;bec', 0, 127),
(4, 'egypt', 'Egypte: Croisi&egrave;re sur le Nil', 0, 186),
(5, 'bolivia', 'Bolivie', 0, 230),
(6, 'gal_england', 'Angleterre', 0, 234),
(7, 'gal_dominic', 'La Dominique', 0, 237),
(8, 'gal_guadeloupe', 'France: Guadeloupe', 0, 242),
(9, 'grenadin', 'Les Grenadines', 0, 245),
(10, 'gal_ireland', 'Irlande', 0, 246),
(11, 'gal_jersey', 'Jersey', 0, 251),
(12, 'gal_martinique', 'France: Martinique', 0, 255),
(13, 'gal_stlucia', 'Sainte Lucie', 0, 258),
(14, 'gal_amsterdam', 'Pays-Bas: Amsterdam', 0, 266),
(15, 'gal_tat', 'Trinidad &amp; Tobago', 0, 269),
(16, 'gal_belle_ile', 'France: Belle-&Icirc;le', 0, 271),
(18, 'gal_fil_1998', 'France: F. Interceltique de Lorient', 0, 275),
(19, 'gal_corse', 'France: Corse', 0, 282),
(20, 'bvi', 'Iles Vierges Britanniques', 0, 288),
(21, 'bookperu', 'P&eacute;rou', 0, 289),
(22, 'florida', 'USA: Floride', 0, 335),
(23, 'hurghada', 'Egypte: Hurghada', 0, 346),
(24, 'gal_sport_running', 'Sport: Course &agrave; pied', 0, 369),
(25, 'gal_sport_scuba', 'Sport: Plong&eacute;e sous-marine', 0, 378),
(26, 'gal_spain', 'Espagne: Barcelone', 0, 0),
(27, 'gal_sport_roller', '', 0, 0),
(28, 'chamonix', 'Sport: Ski &agrave; Chamonix', 0, 393),
(29, 'portugal', 'Portugal: de Aveiro &agrave; Lisbonne', 0, 420),
(30, 'ibiza', 'Espagne: Ibiza', 0, 477),
(31, 'mallorca', 'Espagne: Mallorca', 0, 516),
(32, 'nyc_2005', 'Sport: Marathon de New-York 2005', 0, 527);

-- --------------------------------------------------------

--
-- Structure de la table `fichierimage`
--

CREATE TABLE IF NOT EXISTS `fichierimage` (
  `ID` smallint(6) NOT NULL default '1',
  `IDFichier` int(11) NOT NULL default '1'
) ENGINE=MyISAM DEFAULT CHARSET=latin1 COLLATE=latin1_general_ci COMMENT='Liste des fichiers IMAGES';

--
-- Contenu de la table `fichierimage`
--

INSERT INTO `fichierimage` (`ID`, `IDFichier`) VALUES
(1, 2),
(2, 2),
(3, 2),
(4, 2),
(5, 2),
(6, 2),
(7, 2),
(8, 1),
(9, 1),
(10, 1),
(11, 1),
(12, 1),
(13, 1),
(14, 1),
(15, 1),
(16, 1),
(17, 1),
(18, 1),
(19, 1),
(20, 1),
(21, 1),
(22, 1),
(23, 1),
(146, 3),
(147, 3),
(148, 3),
(149, 3),
(150, 3),
(151, 3),
(152, 3),
(153, 3),
(154, 3),
(155, 3),
(156, 3),
(157, 3),
(158, 3),
(159, 3),
(160, 3),
(161, 3),
(162, 3),
(163, 3),
(164, 3),
(165, 3),
(166, 3),
(167, 3),
(168, 3),
(169, 3),
(170, 3),
(171, 3),
(172, 3),
(173, 3),
(174, 3),
(175, 3),
(176, 3),
(177, 3),
(178, 3),
(179, 3),
(180, 3),
(181, 3),
(182, 3),
(183, 3),
(184, 3),
(185, 3),
(186, 4),
(187, 4),
(188, 4),
(189, 4),
(190, 4),
(191, 4),
(192, 4),
(193, 4),
(194, 4),
(195, 4),
(196, 4),
(197, 4),
(198, 4),
(199, 4),
(200, 4),
(201, 4),
(202, 4),
(203, 4),
(204, 4),
(205, 4),
(206, 4),
(207, 4),
(208, 4),
(209, 4),
(210, 4),
(211, 4),
(212, 4),
(213, 4),
(214, 4),
(215, 4),
(216, 4),
(217, 4),
(218, 4),
(219, 4),
(220, 4),
(221, 4),
(222, 4),
(223, 5),
(224, 5),
(225, 5),
(226, 5),
(227, 5),
(228, 5),
(229, 5),
(230, 5),
(231, 5),
(232, 5),
(233, 5),
(234, 6),
(235, 6),
(236, 7),
(237, 7),
(238, 7),
(239, 7),
(240, 8),
(241, 8),
(242, 8),
(243, 9),
(244, 9),
(245, 9),
(246, 10),
(247, 10),
(248, 11),
(249, 11),
(250, 11),
(251, 11),
(252, 11),
(253, 11),
(254, 12),
(255, 12),
(256, 12),
(257, 13),
(258, 13),
(259, 14),
(260, 14),
(261, 14),
(262, 14),
(263, 14),
(264, 14),
(265, 14),
(266, 14),
(267, 14),
(268, 14),
(269, 15),
(270, 16),
(271, 16),
(272, 16),
(273, 16),
(274, 16),
(275, 18),
(276, 18),
(277, 18),
(278, 18),
(279, 19),
(280, 19),
(281, 19),
(282, 19),
(283, 19),
(284, 19),
(285, 19),
(286, 19),
(287, 20),
(288, 20),
(289, 21),
(290, 21),
(291, 21),
(292, 21),
(293, 21),
(294, 21),
(295, 21),
(296, 21),
(297, 21),
(298, 21),
(299, 21),
(300, 21),
(301, 21),
(302, 21),
(303, 21),
(304, 21),
(305, 21),
(306, 22),
(307, 22),
(308, 22),
(309, 22),
(310, 22),
(311, 22),
(312, 22),
(313, 22),
(314, 22),
(315, 22),
(316, 22),
(317, 22),
(318, 22),
(319, 22),
(320, 22),
(321, 22),
(322, 22),
(323, 22),
(324, 22),
(325, 22),
(326, 22),
(327, 22),
(328, 22),
(329, 22),
(330, 22),
(331, 22),
(332, 22),
(333, 22),
(334, 22),
(335, 22),
(336, 22),
(337, 22),
(338, 22),
(339, 22),
(340, 5),
(341, 5),
(342, 5),
(343, 23),
(344, 23),
(345, 23),
(346, 23),
(347, 23),
(348, 23),
(349, 23),
(350, 23),
(351, 23),
(352, 23),
(353, 23),
(354, 23),
(355, 23),
(356, 23),
(357, 23),
(358, 23),
(359, 23),
(360, 23),
(361, 23),
(362, 24),
(363, 24),
(364, 24),
(365, 24),
(366, 24),
(367, 24),
(368, 24),
(369, 24),
(370, 24),
(371, 24),
(372, 24),
(373, 24),
(374, 25),
(375, 25),
(376, 25),
(377, 25),
(378, 25),
(379, 25),
(380, 25),
(381, 25),
(382, 25),
(383, 25),
(384, 25),
(385, 25),
(386, 25),
(387, 27),
(388, 27),
(389, 27),
(390, 27),
(391, 27),
(392, 13),
(393, 28),
(394, 28),
(395, 28),
(396, 28),
(397, 28),
(398, 28),
(399, 28),
(400, 28),
(401, 28),
(402, 28),
(403, 28),
(404, 28),
(405, 28),
(406, 28),
(407, 28),
(408, 28),
(409, 28),
(410, 28),
(411, 28),
(412, 28),
(413, 28),
(414, 28),
(415, 28),
(416, 28),
(417, 28),
(418, 28),
(419, 28),
(420, 29),
(421, 29),
(422, 29),
(423, 29),
(424, 29),
(425, 29),
(426, 29),
(427, 29),
(428, 29),
(429, 29),
(430, 29),
(431, 29),
(432, 29),
(433, 29),
(434, 29),
(435, 29),
(436, 29),
(437, 29),
(438, 29),
(439, 29),
(440, 29),
(441, 29),
(442, 29),
(443, 29),
(444, 29),
(445, 29),
(375, 12),
(376, 12),
(377, 12),
(378, 12),
(379, 12),
(380, 12),
(381, 12),
(382, 12),
(383, 12),
(384, 12),
(385, 12),
(386, 12),
(374, 9),
(343, 25),
(344, 25),
(345, 25),
(346, 25),
(347, 25),
(483, 30),
(482, 30),
(481, 30),
(480, 30),
(478, 30),
(477, 30),
(476, 30),
(475, 30),
(474, 30),
(473, 30),
(472, 30),
(471, 30),
(470, 30),
(469, 30),
(468, 30),
(466, 30),
(465, 30),
(464, 30),
(463, 30),
(462, 30),
(461, 30),
(460, 30),
(459, 30),
(458, 30),
(457, 30),
(456, 30),
(455, 30),
(453, 30),
(452, 30),
(451, 30),
(450, 30),
(448, 30),
(447, 30),
(446, 30),
(489, 20),
(490, 20),
(491, 20),
(492, 20),
(493, 12),
(494, 12),
(495, 12),
(496, 12),
(497, 12),
(498, 31),
(499, 31),
(500, 31),
(501, 31),
(502, 31),
(503, 31),
(504, 31),
(505, 31),
(506, 31),
(507, 31),
(508, 31),
(509, 31),
(510, 31),
(511, 31),
(512, 31),
(513, 31),
(514, 31),
(515, 31),
(516, 31),
(517, 31),
(518, 31),
(519, 15),
(520, 15),
(521, 15),
(522, 15),
(523, 15),
(524, 15),
(525, 12),
(526, 15),
(527, 32),
(528, 32),
(529, 32),
(530, 32),
(531, 32),
(532, 32),
(533, 32),
(534, 32),
(535, 32),
(536, 32),
(537, 32),
(538, 32),
(540, 32),
(541, 32),
(542, 32),
(543, 32),
(544, 32),
(545, 32),
(546, 32),
(547, 32),
(548, 32),
(549, 32),
(550, 32),
(551, 32),
(552, 32),
(553, 32),
(554, 32),
(555, 32),
(556, 32),
(557, 32),
(558, 32),
(559, 32),
(560, 32),
(561, 32),
(562, 32),
(563, 32),
(564, 32),
(565, 32),
(566, 32),
(567, 32),
(568, 32),
(569, 32),
(570, 32),
(571, 32);

-- --------------------------------------------------------

--
-- Structure de la table `image`
--

CREATE TABLE IF NOT EXISTS `image` (
  `ID` smallint(6) NOT NULL auto_increment,
  `Nom` char(60) collate latin1_general_ci NOT NULL default '',
  `Commentaire` char(80) collate latin1_general_ci NOT NULL default '',
  UNIQUE KEY `ID` (`ID`)
) ENGINE=MyISAM  DEFAULT CHARSET=latin1 COLLATE=latin1_general_ci COMMENT='Liste des fichiers IMAGES' AUTO_INCREMENT=572 ;

--
-- Contenu de la table `image`
--

INSERT INTO `image` (`ID`, `Nom`, `Commentaire`) VALUES
(1, 'mihinic_01', 'Cours de danse donn&eacute; par Viviane'),
(2, 'mihinic_02', 'Sortie sous le Soleil de Bretagne'),
(3, 'mihinic_03', 'Pablo tr&egrave;s impressionn&eacute;'),
(4, 'mihinic_04', 'Qu''est ce qu''on est bien au coin du feu'),
(5, 'mihinic_05', 'Philippe, on se s''endort pas'),
(6, 'mihinic_06', 'Toujours sous le soleil'),
(7, 'mihinic_07', 'La Maman de Twan'),
(8, 'pablo_01', 'Pablo dans le ventre de sa maman'),
(9, 'pablo_02', 'Premiere photo de Pablo'),
(10, 'pablo_03', 'Il est n&eacute;, le divine enfant'),
(11, 'pablo_04', 'Premire photo du trio'),
(12, 'pablo_05', 'Il dort bien'),
(13, 'pablo_06', 'Aurilien et Flo'),
(14, 'pablo_07', 'Alors la petite tortue...'),
(15, 'pablo_08', 'Le p&egrave; admiratif devant son fils'),
(16, 'pablo_09', 'Tu me cherches...'),
(17, 'pablo_10', 'Maman, elle n`arr&ecirc;te pas de me faire rire'),
(18, 'pablo_11', 'Telle m&egrave;re, tel fils'),
(19, 'pablo_12', 'Pablo qui sourit'),
(20, 'pablo_13', 'Louise et Bertille &agrave; la t&ecirc;t&eacute;e'),
(21, 'pablo_14', 'Marine qui prot&egrave;ge Pablo'),
(22, 'pablo_15', 'Vivi &agrave; la t&ecirc;t&eacute;e'),
(23, 'pablo_16', 'A'' ce qu''on est bien quand on est dans son bain'),
(146, 'quebec03', 'Montr&eacute;al : ''motocrotte'''),
(147, 'quebec04', 'Montr&eacute;al : les Bretons ont laiss&eacute; des traces de leur passage'),
(148, 'quebec05', 'Montr&eacute;al : batiment pour l''Exposition Universelle de 1967'),
(149, 'quebec07', 'Montr&eacute;al : &eacute;glise parmi des bat&icirc;ments modernes'),
(150, 'quebec08', 'Montr&eacute;al : exemple de panneaux de stationnement'),
(151, 'quebec06', 'Qu&eacute;bec : maisons de couleurs vives (surtout les toits)'),
(152, 'quebec09', 'Qu&eacute;bec : quartier'),
(153, 'quebec10', 'Qu&eacute;bec : chemin de la Citadelle pr&egrave;s du ch&acirc;teau de Frontenac'),
(154, 'quebec11', 'Maison sur Ile d''Orl&eacute;ans'),
(155, 'quebec13', 'Montmorency : la Chute'),
(156, 'quebec14', 'Montmorency : la passerelle qui surplome la chute'),
(157, 'quebec15', 'Chute de Jean Larose : les 378 marches'),
(158, 'quebec19', 'Chute du Canyon de l''Enfer'),
(159, 'quebec20', 'Maison de Kamouraska'),
(160, 'quebec26', 'Parc du Bic : un porc &eacute;pic'),
(161, 'quebec27', 'Parc du Bic : le Cap Orignal'),
(162, 'quebec25', 'C&ocirc;te de la Gasp&eacute;sie : une maison parmi d''autres'),
(163, 'quebec21', 'Le rocher Perc&eacute;'),
(164, 'quebec23', 'Ile Bonaventure : la 2nd plus grosse commaut&eacute; de fous de bassans au monde'),
(165, 'quebec52', 'Ile Bonaventure : une m&egrave;re nourissant son petit'),
(166, 'quebec53', 'Ile Bonaventure : un renard roux'),
(167, 'quebec47', 'Parc du Forillon : attention ours noir'),
(168, 'quebec48', 'Parc du Forillon : c&ocirc;te sauvage'),
(169, 'quebec54', 'C&ocirc;te de la Gasp&eacute;sie : le rocher de l''Indien'),
(170, 'quebec50', 'Escoumins : le village'),
(171, 'quebec45', 'Escoumins : un b&eacute;louga (si, si, la t&acirc;che blanche au fond)'),
(172, 'quebec46', 'Escoumins : une baleine bleue'),
(173, 'quebec44', 'Parc du Saguenay : vue sur le fjord'),
(174, 'quebec42', 'Mistassini : la maison de la tarte aux bleuets'),
(175, 'quebec38', 'Zoo de St F&eacute;licien : &eacute;cureuil ''adidas'''),
(176, 'quebec39', 'Zoo de St F&eacute;licien : ours et cerf de Virginie'),
(177, 'quebec40', 'Zoo de St F&eacute;licien : Mamouk, l''ours polaire'),
(178, 'quebec34', 'Val Jalbert : une petite marmotte'),
(179, 'quebec36', 'Val Jalbert : l''ecole du village'),
(180, 'quebec37', 'Val Jalbert : maisons du village'),
(181, 'quebec31', 'Shawinigan : le bus de la Cit&eacute; de l''Energie'),
(182, 'quebec33', 'Shawinigan : un des barrages'),
(183, 'quebec49', 'Un ''amibus'''),
(184, 'quebec30', 'Montr&eacute;al : maisons color&eacute;es'),
(185, 'quebec32', 'Montr&eacute;al : le jardin botanique'),
(186, 'egypt01', 'Karnak : la salle hypostyle'),
(187, 'egypt02', 'Bateau : Micka&euml;l sur un pont'),
(188, 'egypt03', 'Karnak : exemple de peinture de plus de 3000 ans'),
(189, 'egypt04', 'Karnak : entr&eacute;e'),
(190, 'egypt05', 'Louxor : Le fr&egrave;re de l`ob&eacute;lisque de la place de la Concorde'),
(191, 'egypt06', 'Bateau : Manou au bar'),
(192, 'egypt07', 'Louxor : une t&ecirc;te de Rams&egrave;s II'),
(193, 'egypt08', 'Vall&eacute;e des Rois: vue g&eacute;n&eacute;rale'),
(194, 'egypt09', 'Vall&eacute;e des Rois: le TGV local'),
(195, 'egypt10', 'Hapchepsout'),
(196, 'egypt11', 'Medinet Abou : pr&egrave;s du pyl&ocirc;ne'),
(197, 'egypt12', 'Medinet Abou : une des nombreuses 504 du pays'),
(198, 'egypt13', 'Un fellah (paysan &eacute;gyptien)'),
(199, 'egypt14', 'Les colosses de Memnon'),
(200, 'egypt15', 'Des vendeurs pr&egrave;s de l`&eacute;cluse d`Esna'),
(201, 'egypt16', 'Edfou : une felouque sur le Nil'),
(202, 'egypt17', 'Edfou : promenade en cal&egrave;che'),
(203, 'egypt18', 'Edfou : le souk &agrave; l`entr&eacute;e du temple'),
(204, 'egypt19', 'Edfou : Horus, le dieu du temple'),
(205, 'egypt20', 'Kom Ombo : le premier calendrier de l`humanit&eacute;'),
(206, 'egypt21', 'Kom Ombo : Sobek est une des divinit&eacute;s du temple'),
(207, 'egypt22', 'Kom Ombo : Un charmeur de serpent'),
(208, 'egypt23', 'Les cataractes d''Assouan'),
(209, 'egypt24', 'Temple de Philae vu du bateau'),
(210, 'egypt25', 'Village nubien : Ca vous dit, une promenade en dromadaire ?'),
(211, 'egypt26', 'Abou Simbel : Le temple de Rams&egrave;s II'),
(212, 'egypt27', 'Abou Simbel : Le temple de N&eacute;fertari'),
(213, 'egypt28', 'Abou Simbel : Sc&egrave;ne `phallique` (trouvez le d&eacute;tail qu`il faut)'),
(214, 'egypt29', 'Abou Simbel : Une des sc&egrave;nes de la fameuse bataille de Kadesh'),
(215, 'egypt30', 'Abou Simbel : La salle &eacute;clair&eacute;e 2 fois par an par le soleil'),
(216, 'egypt31', 'Le Caire : La Mosqu&eacute;e de Salah al-Din'),
(217, 'egypt32', 'Saqqarah : La pyramide &agrave; degr&eacute; de Djeser'),
(218, 'egypt33', 'Guizeh : panorama'),
(219, 'egypt34', 'Guizeh : la petite pyramide de Myk&eacute;rinos'),
(220, 'egypt35', 'Guizeh : le Sphinx'),
(221, 'egypt36', 'Guizeh : la grande pyramide de Kh&eacute;ops'),
(222, 'egypt37', 'Le Caire : Vue sur la piscine de l`h&ocirc;tel'),
(223, 'bolivie01', 'L`arbre de pierre au Salar de Uyuni'),
(224, 'bolivie06', 'Isla del Pescado (Salar de Uyuni)'),
(225, 'bolivie02', 'H&ocirc;tel avec des murs en sel'),
(226, 'bolivie04', 'Sources chaudes del Sol de Manana'),
(227, 'bolivie03', 'Source chaude (il fait -10oC &agrave; l`ext&eacute;rieur)'),
(228, 'bolivie05', 'Potos&iacute; : Casa de la Moneda'),
(229, 'bolivie07', 'Potos&iacute; : Mine d`argent'),
(230, 'bolivie08', 'Tihuanaco : La puerto del Sol'),
(231, 'bolivie09', 'Tihuanaco : Le temple semi-souterrain'),
(232, 'bolivie10', 'Tihuanaco : Statue du dieu Soleil'),
(233, 'bolivie11', 'Tihuanaco : La pyramide Akapana'),
(234, 'england01', 'Londres : Big Ben'),
(235, 'england02', 'Londres : Tower Bridge'),
(236, 'dominic01', 'La Dominique : Vue sur la mer de Porthsmouth'),
(237, 'dominic02', 'La Dominique : Plage de Calibichi'),
(238, 'dominic03', 'La Dominique : Indian River'),
(239, 'dominic04', 'La Dominique : Rasta House'),
(240, 'guadelou01', 'Guadeloupe : Pointe des Ch&acirc;teaux'),
(241, 'guadelou02', 'Guadeloupe : Plage du nord de Basse-Terre'),
(242, 'guadelou03', 'Guadeloupe : Saut de la L&eacute;zarde'),
(243, 'grenadin01', 'Grenadines : Palm Island'),
(244, 'grenadin02', 'Grenadines : Couche de soleil'),
(245, 'grenadin03', 'Grenadines : Baie de Mayreau'),
(246, 'irlande01', 'Irlande : Blarney Castle'),
(247, 'irlande02', 'Irlande : Falaises de Moher'),
(248, 'jersey01', 'Jersey : Mont Orgueil'),
(249, 'jersey02', 'Jersey : Sea Wall pr&egrave;s de Fin Germs'),
(250, 'jersey03', 'Jersey : Rocque Harbour'),
(251, 'jersey04', 'Jersey : B & B pr&egrave;s de Rozel Bay'),
(252, 'jersey05', 'Jersey : Le golf est un sport dangereux (une route traverse le golf)'),
(253, 'jersey06', 'Jersey : C`est BB qui doit &ecirc;tre contente'),
(254, 'martinic01', 'Martinique : Coucher de soleil vu de St-Pierre'),
(255, 'martinic02', 'Martinique : La Montagne Pel&eacute;e'),
(256, 'martinic03', 'Martinique : Exemple de v&eacute;g&eacute;tation &agrave; Fontaine Didier'),
(257, 'stlucie01', 'Ste Lucie : Marigot Bay'),
(258, 'stlucie02', 'Ste Lucie : La Souffri&egrave;re'),
(259, 'amsterdam01', 'L`h&ocirc;tel Prinsen'),
(260, 'amsterdam02', 'La gare centrale'),
(261, 'amsterdam03', 'Un des nombreux tramways de la capitale'),
(262, 'amsterdam04', 'Eh oui, la maison penche'),
(263, 'amsterdam05', 'La maison de Rembrant'),
(264, 'amsterdam06', 'La maison la moins large d`Amsterdam'),
(265, 'amsterdam07', 'Le Rijksmuseum'),
(266, 'amsterdam08', 'C`est la f&ecirc;te de la Reine (couleur officielle : l`Orange)'),
(267, 'amsterdam09', 'Un tour en bateau sur les canaux'),
(268, 'amsterdam10', 'Pour les amateurs de chichon'),
(269, 'trinidad01', 'Trinidad et Tobago : Coucher de soleil sur la zone ornithologique'),
(270, 'belleile01', 'Belle-&Icirc;le : Port de Sauzun'),
(271, 'belleile02', 'Belle-&Icirc;le : Les aiguilles du Coton'),
(272, 'belleile05', 'Belle-&Icirc;le : La pointe des Poulains'),
(273, 'belleile03', 'Belle-&Icirc;le : Plage des Donnants'),
(274, 'belleile04', 'Belle-&Icirc;le : Plage de `Le Palais`'),
(275, 'fil1', 'FIL : D&eacute;but de la parade'),
(276, 'fil2', 'FIL : Asturiens d&eacute;filants'),
(277, 'fil3', 'FIL : Bagad Quimper (1)'),
(278, 'fil4', 'FIL : Bagad Quimper (2)'),
(279, 'corse01', 'Corse : Falaises de Bonifacio'),
(280, 'corse02', 'Corse : Corte'),
(281, 'corse03', 'Corse : La vall&eacute;e de la Restonica'),
(282, 'corse04', 'Corse : Rivi&egrave;re de Golo'),
(283, 'corse05', 'Corse : Un &acirc;ne de San Antonio'),
(284, 'corse06', 'Corse : Scala de Santa Regina'),
(285, 'corse07', 'Corse : Village de Lama'),
(286, 'corse08', 'Corse : Cochons sauvages'),
(287, 'bvi02', 'Iles Vierges : Couche de soleil sur les Baths'),
(288, 'bvi03', 'Iles Vierges : Plage quelconque'),
(289, 'perou01', 'Macchu Picchu'),
(290, 'perou02', 'Inti Raimi (Macchu Picchu)'),
(291, 'perou03', 'Seconde passe (4200m) d`El camino del Inca'),
(292, 'perou04', 'Radeau de jonc du lac Titicaca'),
(293, 'perou05', 'Petit d&eacute;j &agrave; Puno'),
(294, 'perou06', 'Ballade sur l`&icirc;le de Taquile'),
(295, 'perou07', 'Cuzco : La pierre aux 12 angles'),
(296, 'perou08', 'L`&icirc;le de jonc appel&eacute;e Urus'),
(297, 'perou09', 'Cuzco : Plaza de Armas'),
(298, 'perou10', 'Camino del Inca : Wayllabamba'),
(299, 'perou11', 'Cuzco : Costumes lors de la f&ecirc;te de l`Inca'),
(300, 'perou12', 'Camino del Inca : Sayarmarca'),
(301, 'perou13', 'Saqsayhuaman : F&ecirc;te de l`Inca'),
(302, 'perou14', 'Saqsayhuaman : Petites filles en costume'),
(303, 'perou15', 'El camino del Inca'),
(304, 'perou16', 'Aqua Caliente'),
(305, 'perou17', 'Arequipa (le mont Misti au fond)'),
(306, 'ak_girafe', 'Animal Kingdom : Girafe'),
(307, 'ak_jeu_roue', 'Animal Kingdom : Jeu d`eau'),
(308, 'ak_man_bird', 'Animal Kingdom : Homme oiseau'),
(309, 'ak_treelife', 'Animal Kingdom : L`arbre de vie'),
(310, 'bg_dolphin', 'Bush Garden : Dauphins'),
(311, 'bg_hippo', 'Bush Garden : Hippopotame sous l`eau'),
(312, 'bg_spirale', 'Bush Garden : Attraction'),
(313, 'ck_module', 'Cap Kennedy : Module lunaire'),
(314, 'ck_navette', 'Cap Kennedy : Navette Challenger'),
(315, 'cs_lac', 'Caroline du Sud (pr&egrave;s de Rock Hill) : Maison hollywoodienne'),
(316, 'cs_sanaugustin', 'Caroline du Sud (pr&egrave;s de Rock Hill) : San Augustin'),
(317, 'cs_windstrop', 'Caroline du Sud (pr&egrave;s de Rock Hill) : Universit&eacute; de Windstrop'),
(318, 'ec_mexique', 'Epcot Center : Pavillon m&eacute;xicain'),
(319, 'ec_norway', 'Epcot Center : Pavillon norv&eacute;gien'),
(320, 'ever_airboat', 'Everglades : Airboat'),
(321, 'ever_croco', 'Everglades : Crocodile au bord du chemin'),
(322, 'k_borne', 'Key West : Le point le plus au sud des USA'),
(323, 'k_hemigway', 'Key West : La maison d`Hemingway'),
(324, 'k_pinktaxi', 'Key West : Taxi rose'),
(325, 'mb_hotel1', 'Miami Beach : Fresque'),
(326, 'mb_hotel2', 'Miami Beach : Hotel utils&eacute; pour `Hors d`atteinte`'),
(327, 'mb_versace', 'Miami Beach : Maison de Versace'),
(328, 'mk_attraction', 'Magic Kingdom : Montagne russe de Goofy'),
(329, 'mk_mine', 'Magic Kingdom : Train de la Montagne'),
(330, 'mk_night', 'Magic Kingdom : Personnages'),
(331, 'mk_splash', 'Magic Kingdom : Splash Mountain'),
(332, 'sw_altantis', 'Sea World : Attraction Atlantis'),
(333, 'sw_dolphin', 'Sea World : Dauphins'),
(334, 'sw_portee', 'Sea World : Personne soulev&eacute;e'),
(335, 'sw_shamu', 'Sea World : L`&eacute;paulard Shamu'),
(336, 'us_happyday', 'Universal Studio : Le bar d`Happy Days'),
(337, 'us_hardrock', 'Universal Studio : Facade du Hard Rock Caf&eacute;'),
(338, 'us_hardrock2', 'Universal Studio : Bar du Hard Rock'),
(339, 'us_hollywood', 'Universal Studio : Trucage `Hollywood`'),
(340, 'bolivie12', 'Laguna Colorada'),
(341, 'bolivie13', 'Flamands dans une lagune'),
(342, 'bolivie14', 'Laguna Verde (Lillamcapur au fond et la fronti&egrave;re chilienne derri&egrave;'),
(343, 'Hurghada01', 'Poisson-clow d&eacute;fendant son an&eacute;mone'),
(344, 'Hurghada06', 'Poisson perroquet'),
(345, 'Hurghada07', 'Corail et m&eacute;rou tachet&eacute; (&agrave; gauche)'),
(346, 'Hurghada08', 'Chirurgiens'),
(347, 'Hurghada05', 'Chirurgien'),
(348, 'Hurghada09', '4x4 dans le d&eacute;sert'),
(349, 'Hurghada10', 'Ballade en dromadaire'),
(350, 'Hurghada11', 'D&eacute;chargement du bateau'),
(351, 'Hurghada12', 'Camp de b&eacute;douins'),
(352, 'Hurghada13', 'Un des sites de plong&eacute;e'),
(353, 'Hurghada14', 'Couche de soleil sur la Mer Rouge'),
(354, 'Hurghada15', 'Recherche des dauphins'),
(355, 'Hurghada16', '"Plage" de l`h&ocirc;tel'),
(356, 'Hurghada17', 'Chargement du bateau'),
(357, 'Hurghada18', 'Le bateau, le Venicia'),
(358, 'Hurghada19', 'Toujours quelqu''un pour nous aider'),
(359, 'Hurghada20', 'Le sun deck'),
(360, 'Hurghada21', 'Le d&eacute;sert de l`Est'),
(361, 'Hurghada22', 'Coucher de soleil dans le d&eacute;sert'),
(362, 'medoc01', 'La M&egrave;re Poulard (M&eacute;doc 99)'),
(363, 'medoc02', 'Les romains attaquent (M&eacute;doc 99)'),
(364, 'medoc03', 'Ville de Concarneau (M&eacute;doc 99)'),
(365, 'medoc04', 'Il &eacute;tait un petit navire (M&eacute;doc 2000)'),
(366, 'medoc05', 'Toute l`&eacute;quipe avant le d&eacute;part (M&eacute;doc 2000)'),
(367, 'trail07', 'la roadmap du trail'),
(368, 'trail02', 'La ligne de d&eacute;part'),
(369, 'trail04', 'Ch&acirc;teau de Monts&eacute;gur'),
(370, 'trail01', 'Descente en for&ecirc;t'),
(371, 'trail03', 'Ch&acirc;teau de Roquefixades'),
(372, 'trail06', 'Dr&ocirc;le de rencontre sur le trail'),
(373, 'trail05', 'Enfin l`arriv&eacute;e &agrave; Foix'),
(374, 'sub_dauphin', 'Dauphins'),
(375, 'sub_eponges', 'Eponges'),
(376, 'sub_fond', 'Fond marin'),
(377, 'sub_fleur', 'Fleur'),
(378, 'sub_tortue', 'Tortue'),
(379, 'sub_fish', 'Poisson aiguille'),
(380, 'sub_fish2', 'Poisson (bis)'),
(381, 'sub_eponge', 'Eponge tubulaire'),
(382, 'sub_corail', 'Corail de feu'),
(383, 'sub_fish3', 'Poisson (ter)'),
(384, 'sub_murene', 'Murene'),
(385, 'sub_gorgone', 'Gorgone'),
(386, 'sub_dieudon', 'Dieudon'),
(387, 'roller01', 'Membres du club avant le d&eacute;part'),
(388, 'roller02', 'Arriv&eacute;e &agrave; Narbonne Plage'),
(389, 'roller03', 'Toute l''&eacute;quipe &agrave;pr&egrave;s la rando'),
(390, 'roller04', 'Les handisports aussi &agrave; la rando'),
(391, 'roller05', 'Un p''tit coup de hip hop pour terminer'),
(392, 'stlucie03', 'Tout l''&eacute;quipe sur le pont'),
(393, 'chamonix_01', 'La vall?e blanche (01)'),
(394, 'chamonix_02', 'La vall?e blanche (02)'),
(395, 'chamonix_03', 'La vall?e blanche (03)'),
(396, 'chamonix_04', 'La vall?e blanche (04)'),
(397, 'chamonix_05', 'La vall?e blanche (05)'),
(398, 'chamonix_06', 'La vall?e blanche (06)'),
(399, 'chamonix_07', 'La vall?e blanche (07)'),
(400, 'chamonix_08', 'La vall?e blanche (08)'),
(401, 'chamonix_09', 'La vall?e blanche (09)'),
(402, 'chamonix_10', 'La vall?e blanche (10)'),
(403, 'chamonix_11', 'La vall?e blanche (11)'),
(404, 'chamonix_12', 'La vall?e blanche (12)'),
(405, 'chamonix_13', 'La vall?e blanche (13)'),
(406, 'chamonix_14', 'La vall?e blanche (14)'),
(407, 'chamonix_15', 'La vall?e blanche (15)'),
(408, 'chamonix_16', 'La vall?e blanche (16)'),
(409, 'chamonix_17', 'La vall?e blanche (17)'),
(410, 'chamonix_18', 'La vall?e blanche (18)'),
(411, 'chamonix_19', 'La vall?e blanche (19)'),
(412, 'chamonix_20', 'La vall?e blanche (20)'),
(413, 'chamonix_21', 'La vall?e blanche (21)'),
(414, 'chamonix_22', 'La vall?e blanche (22)'),
(415, 'chamonix_23', 'La vall?e blanche (23)'),
(416, 'chamonix_24', 'Philippa sur son Harris'),
(417, 'chamonix_25', 'Br?vent (01)'),
(418, 'chamonix_26', 'Le noyau dure du groupe (toujour l? pour continuer ? skier)'),
(419, 'chamonix_27', 'Br?vent (02)'),
(420, 'portugal_01', 'Une des nombreuses plages d''Aveiro'),
(421, 'portugal_02', 'Les azuleros sont pr&eacute;sents partout dans la ville'),
(422, 'portugal_03', 'Un bien gentil cireur de chaussures'),
(423, 'portugal_04', 'Aveiro: La Venise Portugaise et ses canaux'),
(424, 'portugal_05', 'Un transporteur quelconque'),
(425, 'portugal_06', 'L''Universit&eacute; de Coimbra'),
(426, 'portugal_07', ''),
(427, 'portugal_08', 'Los pequenos: "le portugal pour les petits"'),
(428, 'portugal_09', 'Los pequenos: "le portugal pour les petits" (2)'),
(429, 'portugal_10', 'Ruines romaines'),
(430, 'portugal_11', 'Fatima'),
(431, 'portugal_12', 'La station baln&eacute;aire de Nazar&eacute;'),
(432, 'portugal_13', 'Une grand m&egrave; avec ses 7 jupons'),
(433, 'portugal_14', 'Nazar&eacute;: le poisson est s&egrave;ch&eacute; comme c&agrave;'),
(434, 'portugal_15', 'Bathala: le monast&egrave;re'),
(435, 'portugal_16', 'Alcobaca'),
(436, 'portugal_17', 'Alcobaca: azuleros dans la salle des Rois'),
(437, 'portugal_18', 'Sintra: el palacio del peno'),
(438, 'portugal_19', 'Sintra: el palacio del peno (2)'),
(439, 'portugal_20', 'Sintra: l''Hotel de Ville'),
(440, 'portugal_21', 'Point le plus &agrave; l''Ouest de l''Europe'),
(441, 'portugal_22', 'Lisboa: la torre de Belem'),
(442, 'portugal_23', ''),
(443, 'portugal_24', ''),
(444, 'portugal_25', ''),
(445, 'portugal_26', ''),
(446, 'ibiza_01', 'La piscine du Club Med'),
(447, 'ibiza_02', 'Le mur d''escalade - derri?re le Baby Club'),
(448, 'ibiza_03', 'Plage d''Eivissa avec l''&icirc;le de Formentera au fond'),
(450, 'ibiza_05', 'Eivissa: un peu b?tonn? quand m?me'),
(451, 'ibiza_06', 'Vues sur la forteresse d''Eivissa'),
(452, 'ibiza_07', 'Front de mer d''Eivissa'),
(453, 'ibiza_08', 'Vue d''ensemble de la plage d''en Bossa avec au bout le Club Med'),
(455, 'ibiza_10', 'Quelques plantes'),
(456, 'ibiza_11', 'Eivissa: joli fond de mer'),
(457, 'ibiza_12', 'Forteresse d''Eivissa'),
(458, 'ibiza_13', 'Forteresse d''Eivissa: une des entr&eacute;es'),
(459, 'ibiza_14', 'Eivissa: le ch?teau int?gr? ? la ville'),
(460, 'ibiza_15', 'Forteresse d''Eivissa: les rues'),
(461, 'ibiza_16', 'Forteresse d''Eivissa: Plaza del sol'),
(462, 'ibiza_17', 'Forteresse d''Eivissa: Vue sur le reste de la ville'),
(463, 'ibiza_18', 'Forteresse d''Eivissa: chemin de ronde'),
(464, 'ibiza_19', 'Forteresse d''Eivissa: chemin de ronde 2'),
(465, 'ibiza_20', 'Forteresse d''Eivissa: ?glise avec le port au fond'),
(466, 'ibiza_21', 'Forteresse d''Eivissa: ? l''int?rieur de l''?glise'),
(468, 'ibiza_23', 'Eivissa: une cabine t?l?phone tr?s design'),
(469, 'ibiza_24', 'Forteresse d''Eivissa: ruelle'),
(470, 'ibiza_25', 'Forteresse d''Eivissa: ruelle II'),
(471, 'ibiza_26', 'Forteresse d''Eivissa: marchande du festival m?di?val'),
(472, 'ibiza_27', 'Forteresse d''Eivissa: tisseuse de laine du festival m?di?val'),
(473, 'ibiza_28', 'Forteresse d''Eivissa: jongleur d''une troupe de troubadours'),
(474, 'ibiza_29', 'Forteresse d''Eivissa: un autre jongleur'),
(475, 'ibiza_30', 'Forteresse d''Eivissa: un charmeur de serpents'),
(476, 'ibiza_31', 'Forteresse d''Eivissa: une troupe de musiciens...'),
(477, 'ibiza_32', 'Forteresse d''Eivissa: ... avec une jolie danseuse'),
(478, 'ibiza_33', 'Forteresse d''Eivissa: vue sur l''?glise'),
(480, 'ibiza_35', 'Eivissa 33'),
(481, 'ibiza_36', 'Forteresse d''Eivissa: un marchan de th'),
(482, 'ibiza_37', 'Forteresse d''Eivissa: principale entr&eacute;e'),
(483, 'ibiza_38', 'Ruelle d''Eivissa'),
(484, 'bulletin_inscription_21emeMarathonDuMedoc', 'Bulletin d''inscription pour le 21&egrave;me Marathon du M&eacute;doc 2005'),
(485, 'page1_reglement_21emeMarathonDuMedoc', 'Page 1 du r&eacute;glement du 21&egrave;me Marathon du M&eacute;doc 2005'),
(486, 'page2_reglement_21emeMarathonDuMedoc', 'Page 2 du r&eacute;glement du 21&egrave;me Marathon du M&eacute;doc 2005'),
(487, 'page3_reglement_21emeMarathonDuMedoc', 'Page 3 du r&eacute;glement du 21&egrave;me Marathon du M&eacute;doc 2005'),
(489, 'bvi01', 'Dauphin &agrave; babord !!'),
(490, 'bvi04', 'Coucher de soleil sur la plage des Baths'),
(491, 'bvi05', 'Autre plage de sable blanc'),
(492, 'bvi06', 'On n''est pas toujours seul sur ces ilots'),
(493, 'martinique04', 'Course de yole &agrave; Trinit&eacute;'),
(494, 'martinique05', 'Maison de l''esclavage avec au fond le rocher du Diamant'),
(495, 'martinique06', 'la Table du Diable depuis le d&eacute;sert des Salines'),
(496, 'martinique07', 'la plage de Tartane'),
(497, 'martinique08', 'Parc de Ballata'),
(498, 'palma01', 'Architecture dans les rues de Palma'),
(499, 'palma02', 'Museo de Palma'),
(500, 'palma03', 'Cath&eacute;drale de Palma: ext&eacute;rieur'),
(501, 'palma04', 'Cath&eacute;drale de Palma: int&eacute;rieur'),
(502, 'palma05', 'Portail de la cath&eacute;drale de Palma'),
(503, 'palma06', 'Palacio de Palma'),
(504, 'palma07', 'Bassin du Palacio de Palma (avec un cygne noir dans l''eau)'),
(505, 'palma08', 'Baie du Port d''Andratx'),
(506, 'palma10', 'Andratx: Eglise et moulin'),
(507, 'palma11', 'Andratx: la Mairie'),
(508, 'palma12', 'Route de la Montagne vers Soller'),
(509, 'palma13', 'Je ne sais pas &agrave; quoi servent ces petites boites mais il y en a plein'),
(510, 'palma14', 'Estellens: plage de galets'),
(511, 'palma15', 'Route de la Montagne vers Soller (bis)'),
(512, 'palma16', 'Mirador de Banyalbufar'),
(513, 'palma17', 'Terrasses de Banyalbufar'),
(514, 'palma18', 'Porche de l''&eacute;glise de Soller'),
(515, 'palma19', 'Cirque de Soller'),
(516, 'palma20', 'Lac artificiel pr&egrave;s de Soller'),
(517, 'palma21', 'Route de Sa Calobra'),
(518, 'palma22', 'Route de Formentor'),
(519, 'trinidad02', 'Trinidadiennes lors de la fete du Divali Nagar'),
(520, 'trinidad03', 'Temple Hindou'),
(521, 'trinidad04', 'Temple Hindou (bis)'),
(522, 'trinidad05', 'Un des plus grands lacs de p&eacute;trole au monde &agrave; ciel ouvert'),
(523, 'trinidad06', 'Bel exemple de v&eacute;g&eacute;tation luxuriante'),
(524, 'trinidad07', 'Qui veut mettre le pied dans ce trou de p&eacute;trole ?'),
(525, 'martinique09', 'Mangrove: on peut y voir un petit crabe au premier plan'),
(526, 'trinidad08', 'Grotte au sud de Trinidad'),
(527, 'ny_marathon05_01', 'Le célèbre taxi jaune'),
(528, 'ny_marathon05_02', 'Une sortie de secours'),
(529, 'ny_marathon05_03', 'Des poussettes de 4 bébés, qui dit mieux ?!'),
(530, 'ny_marathon05_04', 'Style d''architecture'),
(531, 'ny_marathon05_05', 'Une célèbre dame de fer'),
(532, 'ny_marathon05_06', 'Le centre finance de Manhattan'),
(533, 'ny_marathon05_07', 'Les Twins Towers devraient etre en arrière plan'),
(534, 'ny_marathon05_08', 'Embarquadaire de Manhattan'),
(535, 'ny_marathon05_09', 'Le petit port de Manhattan'),
(536, 'ny_marathon05_10', 'Manhattan vue du Sud'),
(537, 'ny_marathon05_11', 'Les rues etroites'),
(538, 'ny_marathon05_12', 'Il faut optimiser la place'),
(540, 'ny_marathon05_14', 'Reflet des vitres sur une église'),
(541, 'ny_marathon05_15', 'Rockfeller Center'),
(542, 'ny_marathon05_16', 'La patinoire'),
(543, 'ny_marathon05_17', 'Chrysler Center'),
(544, 'ny_marathon05_18', 'L''entrée de l''Empire State Building'),
(545, 'ny_marathon05_19', 'Vue noctune de Manhattan du haut de l''Empire'),
(546, 'ny_marathon05_20', 'Times Square'),
(547, 'ny_marathon05_21', 'Le Hard Rock Café'),
(548, 'ny_marathon05_22', 'Ponton pour l''embarquement pour Ellis Island et Liberty Island'),
(549, 'ny_marathon05_23', 'Vue du centre financier'),
(550, 'ny_marathon05_24', 'Bâtiment d''Ellis Island qui recevait les immigrés'),
(551, 'ny_marathon05_25', 'La statue de la Liberté avec au fond Manhattan'),
(552, 'ny_marathon05_26', 'Vue de Manhattan à partir de Liberty Island'),
(553, 'ny_marathon05_27', 'Explication sur le pédestal de la Statue'),
(554, 'ny_marathon05_28', 'Arrêt à Ellis Island'),
(555, 'ny_marathon05_29', 'La course du samedi: le départ'),
(556, 'ny_marathon05_30', 'La course du samedi: c''est parti'),
(557, 'ny_marathon05_31', 'La course du samedi: on peut y apercevoir les Hollandais'),
(558, 'ny_marathon05_32', 'Un charmant endroit...'),
(559, 'ny_marathon05_33', 'La course du samedi: l''arrivée à Central Park'),
(560, 'ny_marathon05_34', 'La Pasta Party: grand show à l''américaine'),
(561, 'ny_marathon05_35', 'Les décorations dans le parc'),
(562, 'ny_marathon05_36', 'Le jour J: une petite pause pipi ?'),
(563, 'ny_marathon05_37', 'Le jour J: les vêtements qui seront redistribués aux oeuvres caritatives'),
(564, 'ny_marathon05_38', 'Le jour J: c''est parti. Premier pont: le Verrazano'),
(565, 'ny_marathon05_39', 'Le jour J: le second flux de coureurs au fond'),
(566, 'ny_marathon05_40', 'Le jour J: les 5 quartiers traversés (I)'),
(567, 'ny_marathon05_41', 'Le jour J: les 5 quartiers traversés (II)'),
(568, 'ny_marathon05_42', 'Le jour J: le Queensborought bridge'),
(569, 'ny_marathon05_43', 'Le jour J: les longs avenues de Manhattan'),
(570, 'ny_marathon05_44', 'Le jour J: enfin Central Park'),
(571, 'ny_marathon05_45', 'Le jour J: l''arrivée');

-- --------------------------------------------------------

--
-- Structure de la table `liens`
--

CREATE TABLE IF NOT EXISTS `liens` (
  `ID` tinyint(4) NOT NULL default '0',
  `IDFichier` tinyint(4) NOT NULL default '0',
  `URL` varchar(70) collate latin1_general_ci NOT NULL default '',
  `Commentaire` varchar(100) collate latin1_general_ci NOT NULL default ''
) ENGINE=MyISAM DEFAULT CHARSET=latin1 COLLATE=latin1_general_ci;

--
-- Contenu de la table `liens`
--

INSERT INTO `liens` (`ID`, `IDFichier`, `URL`, `Commentaire`) VALUES
(1, 6, 'http://www.brittany-ferries.fr', 'http://www.brittany-ferries.fr'),
(2, 8, 'http://webcaraibes.com', 'http://webcaraibes.com'),
(3, 10, 'http://www.brittany-ferries.fr', 'http://www.brittany-ferries.fr'),
(4, 11, 'http://www.jersey.gov.uk', 'http://www.jersey.gov.uk'),
(5, 12, 'http://sous-les-cocotiers.com', 'http://sous-les-cocotiers.com'),
(6, 16, 'http://koun.free.fr', 'Une adresse pour dormir sur l''&icirc;le'),
(7, 1, 'http://www.amisdelaterre.org', 'Amis de la Terre France'),
(8, 1, 'http://www.greenpeace.fr', 'Greenpeace France'),
(9, 1, 'http://solar-club.web.cern.ch/solar-club/solairehome2.html', 'Club Solaire du CERN'),
(10, 1, 'http://nature.free.fr', '&Eacute;cologie en france'),
(11, 1, 'http://www.ifrance.com/ami/index.htm', '&Eacute;cologie appliqu&eacute;e'),
(12, 1, 'http://www.ciele.org/filieres/index.html', 'CIELE'),
(13, 2, 'http://www.luchon.com/bienvenue.html', 'Luchon Superbagn&egrave;re'),
(14, 2, 'http://www.multimania.com/dojang/sommaire.html', 'Dojang - Le taekwondo'),
(15, 2, 'http://magicvtt.free.fr/guide/guide.html', 'VTT en ligne'),
(16, 2, 'http://www.caesium.fr/kiosque/sport/index.html', 'Sports, loisirs et comp&eacute;tition'),
(17, 2, 'http://www.courirenfrance.com', 'Courir en France'),
(18, 3, 'http://www.lonelyplanet.fr', 'Lonely Planet'),
(19, 3, 'http://www.partir.com', 'Partir'),
(20, 0, 'http://www.antourtan.org', 'An Tour Tan : le serveur de la diaspora Bretonne'),
(21, 0, 'http://www.aidez.org', 'Pour faire des dons en ligne'),
(22, 2, 'http://www.marathondumedoc.com', 'Le Marathon du Medoc'),
(23, 3, 'http://www.routard.com/', 'Le guide du Routard'),
(24, 1, 'http://www.mdi.lu', 'La voiture &agrave; air comprim&eacute;'),
(25, 1, 'http://nature.jardin.free.fr/', 'Encyclop&eacute;die sur le jardin'),
(26, 0, 'http://www.planete-numerique.com', 'http://www.planete-numerique.com'),
(27, 1, 'http://www.web-ecolo.fr.st/', 'http://www.web-ecolo.fr.st/'),
(28, 2, 'http://www.parismarathon.com/marathon/2002/fr/entrainement.html', 'Plan Entrainement Marathon'),
(29, 1, 'http://web.wanadoo.be/brian.huebner/mythes.htm', 'Brisons les mythes...'),
(0, 1, 'http://www.domsweb.org', 'http://www.domsweb.org'),
(0, 0, 'http://filezilla.sourceforge.net/', 'FileZilla'),
(0, 3, 'http://decouvrirlemonde.chez.tiscali.fr', 'Tour du Monde en un an de Lise et Nicolas : R&eacute;cits de voyages et Album photo');

-- --------------------------------------------------------

--
-- Structure de la table `publicite`
--

CREATE TABLE IF NOT EXISTS `publicite` (
  `Pays` varchar(50) collate latin1_general_ci NOT NULL default '',
  `Pub` text collate latin1_general_ci NOT NULL,
  `Type` smallint(6) NOT NULL default '0',
  KEY `Type` (`Type`),
  KEY `Pays` (`Pays`)
) ENGINE=MyISAM DEFAULT CHARSET=latin1 COLLATE=latin1_general_ci;

--
-- Contenu de la table `publicite`
--

INSERT INTO `publicite` (`Pays`, `Pub`, `Type`) VALUES
('Egypte', '<a href="http://www.alapage.com/partenaires/banners/adclick.php?what=YKCMY&amp;n=4~GENE~468x60">\r\n   <img style="border: 0px" src="http://www.alapage.com/partenaires/banners/adview.php?what=YKCMY&amp;n=4~GENE~468x60" alt=""/>\r\n</a>', 1),
('index', '<iframe src="http://www.alapage.com/webservices/topXml.php?partnerId=KCFYT&categoryCode=4&nbrep=5&ts=1" style="height:100% ; width:100%;" frameborder="no" scrolling="no" marginheight="0" marginwidth="0"></iframe>', 0),
('index2', '<a href="http://www.alapage.com/partenaires/banners/adclick.php?what=YKCMY&amp;n=4~GENE~468x60">\r\n   <img style="border: 0px" src="http://www.alapage.com/partenaires/banners/adview.php?what=YKCMY&amp;n=4~GENE~468x60" alt=""/>\r\n</a>', 1),
('index3', '<a href="http://oceans.greenpeace.org/pirates" target="_blank"><img src="http://www.greenpeace.org/international/assets/banners/piratefishing430x150" alt="" width="430" height="100" border="0" title="Help stop pirate fishing"></a>', 1),
('index', '<object classid="clsid:d27cdb6e-ae6d-11cf-96b8-444553540000"\r\ncodebase="http://download.macromedia.com/pub/shockwave/cabs/flash/swflash.cab#version=7,0,0,0" width="430" height="100" id="04_forest_430x100"\r\nalign="middle"> <param name="allowScriptAccess" value="sameDomain" />\r\n<param name="movie" value="http://www.greenpeace.org/belgium/assets/flashes/blauwe-dolfijnen-fr?clickTag=http://www.greenpeace.org/france/getinvolved/subscribe"\r\n/> <param name="quality" value="high" /> <param name="bgcolor"\r\nvalue="#ffffff" /> <embed\r\nsrc="http://www.greenpeace.org/belgium/assets/flashes/blauwe-dolfijnen-fr?clickTag=http://www.greenpeace.org/france/getinvolved/subscribe" quality="high"\r\nbgcolor="#ffffff" width="430" height="100" name="04_forest_430x100"\r\nalign="middle" allowScriptAccess="sameDomain"\r\ntype="application/x-shockwave-flash"\r\npluginspage="http://www.macromedia.com/go/getflashplayer" /> </object>', 1);

-- --------------------------------------------------------

--
-- Structure de la table `voyage`
--

CREATE TABLE IF NOT EXISTS `voyage` (
  `ID` tinyint(4) NOT NULL default '0',
  `DateDebut` date NOT NULL default '0000-00-00',
  `DateFin` date NOT NULL default '0000-00-00',
  `Recit` text collate latin1_general_ci NOT NULL,
  `X1` smallint(4) NOT NULL default '0',
  `Y1` smallint(4) NOT NULL default '0',
  `X2` smallint(4) NOT NULL default '0',
  `Y2` smallint(4) NOT NULL default '0',
  PRIMARY KEY  (`ID`),
  UNIQUE KEY `ID` (`ID`),
  KEY `ID_2` (`ID`)
) ENGINE=MyISAM DEFAULT CHARSET=latin1 COLLATE=latin1_general_ci;

--
-- Contenu de la table `voyage`
--

INSERT INTO `voyage` (`ID`, `DateDebut`, `DateFin`, `Recit`, `X1`, `Y1`, `X2`, `Y2`) VALUES
(3, '0000-00-00', '0000-00-00', '', 177, 40, 230, 58),
(4, '0000-00-00', '0000-00-00', '', 357, 134, 459, 150),
(5, '0000-00-00', '0000-00-00', '', 101, 280, 141, 293),
(6, '1996-02-01', '1996-02-04', 'J&#39;ai toujours voulu aller voir Stonehenge. Je suis parti 4 jours en voiture de St-Malo. Arriv&eacute;e &agrave; Porsthmouth. Direction Londres que j&#39;ai survol&eacute; (si on peut dire) en une journ&eacute;e (pas le temps de trainer et pourtant plein de choses &agrave; d&eacute;couvrir). Ensuite, le ch&acirc;teau de Windsor, Salisbury et Stonehenge. Magnifique. Un parfum de myst&egrave;re plane sur tout le comt&eacute; de Salisbury (des tumulus restent &agrave; d&eacute;couvrir). Puis Exeter, le parc de Dartmoor. De nuit, tr&egrave;s impressionnant. Si vous pouvez, on peut d&eacute;couvrir le parc par des chemins de randonn&eacute;e. Mais attention, le brouillard tombe vite et on peut faire de dr&ocirc;les de rencontres (Cf Le Chien de Baskerville). Enfin, Plymouth pour retourner sur St-Malo.', 198, 99, 262, 115),
(7, '1997-05-01', '1997-05-05', 'Une &icirc;le magnifique avec des gens tr&egrave;s sympathiques. En 5 jours, d&eacute;couvrez Indian River, Trafalgar Falls, Porsthmouth, The Booling Lake (apr&egrave;s 3 heures de randonn&eacute;e)... ', 18, 217, 101, 230),
(8, '1997-04-15', '1997-04-18', ' Louez une voiture et partez faire le tour de l&#39;&icirc;le (la Grande Terre et la Basse-Terre). Si vous trouvez que c&#39;est un peu trop peupl&eacute;e, partez sur les &icirc;les rattach&eacute;es : Marie- Galante, la D&eacute;sirade, les Saintes (en 1 journ&eacute;e), St Barth, St Martin (rien d&#39;authentique &agrave; part quelques plages et tout ce qu&#39;il faut pour d&eacute;penser ses petites &eacute;conomies - attention aux mauvais calculs).', 18, 186, 92, 200),
(9, '0000-00-00', '0000-00-00', '', 19, 244, 115, 257),
(10, '1994-04-06', '1996-09-30', ' J&#39;ai commenc&eacute; par un stage de fin de D.U.T. &agrave; Cork (mars &agrave; octobre 1993). Et les 2 &eacute;t&eacute;s suivants, j&#39;y suis retourn&eacute; pour bosser &agrave; l&#39;Universit&eacute; de Cork. Les Irlandais sont des gens tr&egrave;s sympathiques et l&#39;ambiance dans les pubs est amicale. On y retrouve aussi bien les hommes que les femmes et ils boivent tous de la bi&egrave;re.<br/>En tout, j&#39;y suis rest&eacute; 10 mois', 198, 84, 239, 97),
(11, '1999-06-02', '1999-06-03', 'Parti de StMalo en bateau avec Emeraudes Lines, j&#39;ai d&eacute;barqu&eacute; &agrave; St Helier. J&#39;ai le week-end pour d&eacute;couvrir l&#39;&icirc;le. Direction le Royal Hotel o&ugrave; ma chambre m&#39;attend. Hotel correct avec bcp de charme. Ensuite je vais chercher mon v&eacute;lo. Je n&#39;&eacute;tais jamais mont&eacute; sur une bicyclette comme &ccedil;&agrave;: les roues sont pleines (pas de pb de crevaison mais &ccedil;&agrave; alourdit pas mal le v&eacute;lo), avec un pneu plut&ocirc;t proche du carr&eacute; que du demi cylindre (attention dans les virages, je ne sais plus combien de fois j&#39;ai failli tomber) et pour couronner le tout, un freinage &agrave; retrop&eacute;dalage. Apr&egrave;s quelques temps d&#39;adaptation, je quitte la capitale pour me diriger vers la pointe Sud- Ouest de l&#39;&icirc;le. J&#39;ai pris une sauc&eacute;e, comme jamais je n&#39;en avais pris &agrave; v&eacute;lo. J&#39;ai souvent pens&eacute; &agrave; me refugier dans un pub. Mais si le reste du week-end est pourri que &ccedil;&agrave;, je n&#39;allais pas voir grand chose de l&#39;&icirc;le. Alors j&#39;ai continu&eacute; &agrave; pousser sur ces satan&eacute;es p&eacute;dales. Apr&egrave;s 2 heures p&eacute;nibles sous la pluie et le vent, j&#39;aper&ccedil;ois la pointe. Le reste du week-end fut tr&egrave;s ensoleill&eacute;... ', 199, 117, 242, 131),
(12, '1996-10-16', '1998-02-04', 'Pour mon service militaire, j&#39;ai demand&eacute; un dossier pour l&#39;Aide Technique. Pour partir dans les D.O.M. On choisit une destination et avec un peu de chance, on part l&agrave; o&ugrave; on a d&eacute;cid&eacute;. J&#39;avais choisi la R&eacute;union et je suis parti en Martinique. Pour 16 mois. Je sais que ca peut paraitre bizarre mais si vous &ecirctes apte &agrave; effectuer votre service, demandez l&#39;aide technique. C&#39;est un service civil (pas de classes, rien en uniforme) qui dure 16 mois. Vous &ecirctes plac&eacute; dans une administration (j&#39;&eacute;tais aux Imp&ocirc;ts avec un salaire de 7000 F net par mois). De quoi faire r&ecircver !!! Des randonn&eacute;es &agrave; faire, tous les sports nautiques, la bronzette (si on peut appeler un sport). Et si on trouve l&#39;&icirc;le un peu petite, c&#39;est tr&egrave;s facile de partir sur les autres &icirc;les de la Cara&icirc;be. ', 18, 201, 82, 216),
(13, '1997-06-05', '1997-06-07', ' J&#39;ai fait une croisi&egrave;re de 3 jours autour de Sainte-Lucie. On s&#39;est arr&ecirc;t&eacute; le vendredi soir &agrave; Castries (la capitale) et l&#39;ambiance y est tr&egrave;s chaude. Comme les brochettes de lambies. ', 18, 231, 96, 243),
(14, '2000-04-29', '2000-05-01', ' Quoi de plus naturel d&#39;aller en avion aux Pays-Bas avec la compagnie KLM. Le probl&egrave;me est qu&#39;il est justement bas, ce pays. R&eacute;sultat : &agrave; cause du brouillard &agrave; l&#39;a&eacute;roport n&eacute;erlandais, nous partons avec 2heures de retard. Arriv&eacute; la-bas, je regarde dans les couloirs de l&#39;a&eacute;roport s&#39;il y a vraiment des femmes qui vendent du plaisir. Nada !!! Elles sont peut &ecirc;tre dans la zone internationale o&ugrave; les passagers sont en transit. Facile de se d&eacute;brouiller tout seul pour aller &agrave; Amsterdam : un train part toutes les 5 minutes. Heureusement car il est bomb&eacute;.<P>Nous d&eacute;barquons &agrave; la gare centrale. On se dirige au Bureau de Tourisme qui est en face de la gare. Il y a foule pour cherche un logement. On a bien de r&eacute;server l&#39;h&ocirc;tel depuis la France. On y ach&egrave;te un pass pour prendre le tramway pendant les 3 jours que nous allons rester ici. On y apprend aussi que c&#39;est la f&ecirc;te de la Reine aujourd&#39;hui et que les N&eacute;erlandais sont &agrave; Amsterdam ce week-end. On a bien choisi.<P>Enfin, aujourd&#39;hui, on ne va trop utiliser le pass puisque aucune ligne de tramway du centre ville ne fonctionne aujourd&#39;hui. Avec un plan de la ville, nous parvenons &agrave; notre hotel qui est juste en p&eacute;riph&eacute;rie de l&#39;agitation. La r&eacute;ception est sans d&eacute;fault et la chambre petite mais propre. La suite de notre s&eacute;jour se d&eacute;roule en d&eacute;ambulant dans les rues, visitant le Mus&eacute;e de Van Gogh (pour les initi&eacute;s), la maison d&#39;Anne Franck (pas sensas, il n&#39;y a plus que des pi&egrave;ces vides), un tour en bateau sur les canaux (plein de compagnies sur les principaux quais)... et le quartier Rouge bien s&ucirc;r o&ugrave; on y trouve d&#39;ailleurs que des fran&ccedil;ais. Il y en a pour tous les go&ucirc;ts.<P>On n&#39;a m&ecirc;me pas eu le temps de rouler &agrave; v&eacute;lo ou d&#39;aller voir les moulins et les champs de tulipes. Mais il y a un magnifique march&eacute; aux fleurs en ville.<P>Voici <A CLASS="travel" HREF="images/map_amsterdam.jpg" TARGET="_blank">un plan de la ville</A>.', 199, 69, 269, 83),
(15, '1997-11-04', '1997-11-10', ' Une semaine sur l&#39;&icirc;le du Carnaval (dommage que &ccedil;&agrave; n&#39;&eacute;tait pas la bonne p&eacute;riode, c&#39;est &agrave; dire F&eacute;vrier). A voir : un des seuls lacs de goudron &agrave; ciel ouvert, la r&eacute;serve ornithologique, quelques belles plages, Gaspar Cave... Les structures touristiques ne sont pas encore au point. On a un peu gal&eacute;r&eacute; pour trouver des h&ocirc;tels corrects. Pour la location de voiture, pareil. ', 194, 172, 242, 185),
(16, '1999-08-05', '1999-08-06', 'J&#39;ai embarqu&eacute; avec mon v&eacute;lo sur le bateau &agrave; Quiberon. Apr&egrave;s une heure de travers&eacute;e, nous avons amarr&eacute; au pied de la citabelle Vauban &agrave; Le Palais (la plus grande ville de l&#39;&icirc;le). H&eacute;berg&eacute; au camping municipal de Le Palais, j&#39;ai parcouru Belle-&Icirc;le en mer en VTT (100km sur les 2 jours que cela m&#39;a pris). Le temps &eacute;tait magnifique et il existe une piste cyclable qui traverse l&#39;&icirc;le de part en part. J&#39;ai particuli&egrave;rement aim&eacute; la cr&egrave;perie qui se situe pr&egrave;s de la pointe de Kerobis, au pied de la mer.', 199, 131, 241, 143),
(18, '1998-08-07', '1998-08-10', 'Le week-end du 7 ao&ucirc;t 1998, je suis all&eacute; au FIL (Festival Interceltique de Lorient). Un temps magnifique, une ambiance d&#39;enfer avec ces Asturiens qui remplissent les verres avec la bouteille au dessus de leur t&ecirc;te.', 199, 131, 241, 143),
(19, '2000-08-12', '2000-08-20', ' <H2>12/08/2000</H2> En route vers Toulon. A l&#39;embarcadaire, on nous annonce que le d&eacute;part est diff&eacute;r&eacute; de 3 heures. Vive la compagnie maritime SNCM. Ca commence bien. On prends notre mal en patience. Visite des quais toulonnais. On fini dans un bar avec une danseuse chichement v&eacute;tue. En draguant le serveur, Manou a parvient &agrave; lui estorquer un tee- shirt. C&#39;est l&#39;heure du d&eacute;part. J&eacute;rome et Manou visitent le bateau tandis que Christine et moi-m&ecirc;me allons au lit. <H2>13/ 08/2000</H2> Lever &agrave; 6h. D&eacute;couverte de la Corse sous la brume et la pluie. Plus de croissants au petit d&eacute;jeuner (qui n&#39;est pas compris dans le prix du billet). Arriv&eacute;e &agrave; Propriano vers 10h. Il ait beau. Bcp de monde sur l&#39;embarcadaire. Quelques difficult&eacute;s pour sortir de cette ville. Direction Bonifacio. Arr&ecirc;ts fr&eacute;quents sur la route pour apercevoir de magnifiques criques. Dur de trouver un stationnement autoris&eacute; &agrave; Bonifacio. On a fini dans un "parking" tenu par une mamie (4h de l&#39;heure, pas ch&egrave;re par rapport au parking Jean Jaur&egrave;s de Toulouse &agrave; 15F/ heure). On visite &agrave; pied le coeur de Bonifacio. On mange sur le quai. Le serveur a le sourire crisp&eacute;. Manou d&eacute;couvre la charcuterie corse ("Eum, j&#39;adore &ccedil;&agrave; !"). Visite de la citadelle qui surplombe les fameuses falaises. Vers 17h, direction la plage de Santa Manza. L&#39;eau est comme on l&#39;aime: chaude et bleue turquoise. En apn&eacute;e, je d&eacute;couvre un poulpe et quelques poissons. Maintenant il faut retrouvrer l&#39;autre J&eacute;r&ocirc;me et Sylvie qui sont venus en moto. Direction Corte. La route est longue et sinueuse &agrave; la fin (&agrave; partir d&#39;Al&eacute;ria). On arrive enfin au Camping Aleratu. D&eacute;couverte de notre bungalow fra&icirc;chement fini. Manou et moi dormons dans la cuisine. <H2>14/08/2000</H2> Lever &agrave; 10h. Quelques achats s&#39;imposent au Champion du coin. Visiblement les prix sont pratiquement identiques &agrave; ceux du Continent. Vers 15h, apr&egrave;s s&#39;&ecirc;tre restaur&eacute;, on part pour la vall&eacute;e de la Restonica. Les 2 J&eacute;romes sur la moto et le reste de la bande dans la 306. Bcp de difficult&eacute;s pour se croiser sur la route. Mais les paysages sont magnifiques. Au pont de Tragone, les gar&ccedil;ons continuent de rouler mais les voitures sont stopp&eacute;es (&agrave; partir de 14h &agrave; cause des difficult&eacute;s pour se croiser). Nous ne pouvons continuer plus loin en voiture. Il nous reste 7km avant la rando qui commence &agrave; la bergerie. Je pars devant en essayant de courrir (avec plus ou moins de succ&egrave;s). <H2>18/08/2000</H2> Visite de la brasserie pr&egrave;s du stade Furiani, &agrave; Bastia. <H2>20/08/ 2000</H2> Tour du Cap Corse. On monte &agrave; la Tour S&eacute;n&egrave;que pr&egrave;s de Lunio. Apr&egrave;s 10mn de marche, on atteint la tour perch&eacute;e sur un promontoir. La vue est magnifique.', 199, 131, 241, 143),
(20, '0000-00-00', '0000-00-00', '', 18, 169, 169, 183),
(21, '0000-00-00', '0000-00-00', '', 100, 262, 136, 276),
(22, '0000-00-00', '0000-00-00', '', 105, 126, 150, 143),
(23, '0000-00-00', '0000-00-00', '', 356, 153, 455, 169),
(26, '1996-07-15', '1996-07-20', 'Parti en bus (Rennes - Barcelona avec Euroline) pour 5 jours. Apr&egrave;s 18 heures de bus, arriv&eacute;e &agrave; Barcelona la nuit. Ambiance tr&egrave;s chaude dans les rues de la capitale Catalane. Le jour, visite des sites touristiques (quartier m&eacute;di&eacute;val, l&#39;&eacute;glise, le complexe olympique) et la nuit, la f&ecircte dans les rues. En fait, &agrave; Barcelone, la vie commence &agrave; 8 heure le soir o&ugrave; il commence &agrave; faire plus frais. Beaucoup de spectacles...', 200, 147, 261, 160),
(31, '2005-07-06', '2005-07-13', 'Palma de Mallorca (Iles Bal&eacute;res)', 0, 0, 0, 0);

/*!40101 SET CHARACTER_SET_CLIENT=@OLD_CHARACTER_SET_CLIENT */;
/*!40101 SET CHARACTER_SET_RESULTS=@OLD_CHARACTER_SET_RESULTS */;
/*!40101 SET COLLATION_CONNECTION=@OLD_COLLATION_CONNECTION */;
